Recipe Name,Meal Type,Type,Ingredient,Calories
Oats Upma,Breakfast,Vegetarian,Oats,150
Oats Upma,Breakfast,Vegetarian,Carrot,15
Oats Upma,Breakfast,Vegetarian,Beans,20
Oats Upma,Breakfast,Vegetarian,Peas,20
Masala Omelette,Breakfast,Non-Vegetarian,Egg,90
Masala Omelette,Breakfast,Non-Vegetarian,Tomato,10
Masala Omelette,Breakfast,Non-Vegetarian,Onion,5
Masala Omelette,Breakfast,Non-Vegetarian,Oil,10
Poha,Breakfast,Vegetarian,Flattened Rice,150
Poha,Breakfast,Vegetarian,Peanuts,50
Poha,Breakfast,Vegetarian,Onion,10
Upma,Breakfast,Vegetarian,Semolina,180
Upma,Breakfast,Vegetarian,Carrot,15
Upma,Breakfast,Vegetarian,Beans,20
Upma,Breakfast,Vegetarian,Ghee,40
Vegetable Sandwich,Breakfast,Vegetarian,Bread,120
Vegetable Sandwich,Breakfast,Vegetarian,Cucumber,10
Vegetable Sandwich,Breakfast,Vegetarian,Tomato,15
Vegetable Sandwich,Breakfast,Vegetarian,Lettuce,5
Paneer Wrap,Lunch,Vegetarian,Paneer,120
Paneer Wrap,Lunch,Vegetarian,Whole Wheat Tortilla,100
Paneer Wrap,Lunch,Vegetarian,Tomato,10
Paneer Wrap,Lunch,Vegetarian,Lettuce,5
Chicken Salad,Lunch,Non-Vegetarian,Chicken Breast,200
Chicken Salad,Lunch,Non-Vegetarian,Lettuce,15
Chicken Salad,Lunch,Non-Vegetarian,Tomato,20
Chicken Salad,Lunch,Non-Vegetarian,Cucumber,10
Vegetable Biryani,Lunch,Vegetarian,Rice,200
Vegetable Biryani,Lunch,Vegetarian,Carrot,20
Vegetable Biryani,Lunch,Vegetarian,Beans,20
Vegetable Biryani,Lunch,Vegetarian,Peas,30
Vegetable Biryani,Lunch,Vegetarian,Spices,50
Dal Tadka,Lunch,Vegetarian,Toor Dal,150
Dal Tadka,Lunch,Vegetarian,Oil,20
Dal Tadka,Lunch,Vegetarian,Onion,15
Dal Tadka,Lunch,Vegetarian,Tomato,20
Butter Chicken,Dinner,Non-Vegetarian,Chicken,250
Butter Chicken,Dinner,Non-Vegetarian,Butter,50
Butter Chicken,Dinner,Non-Vegetarian,Cream,40
Butter Chicken,Dinner,Non-Vegetarian,Tomato Puree,30
Grilled Fish,Dinner,Non-Vegetarian,Fish,200
Grilled Fish,Dinner,Non-Vegetarian,Lemon,5
Grilled Fish,Dinner,Non-Vegetarian,Olive Oil,40
Rajma Chawal,Dinner,Vegetarian,Red Kidney Beans,180
Rajma Chawal,Dinner,Vegetarian,Rice,200
Rajma Chawal,Dinner,Vegetarian,Spices,40
Vegetable Pulao,Dinner,Vegetarian,Rice,200
Vegetable Pulao,Dinner,Vegetarian,Carrot,20
Vegetable Pulao,Dinner,Vegetarian,Beans,20
Vegetable Pulao,Dinner,Vegetarian,Peas,30
Protein Shake,Snack,Vegetarian,Milk,100
Protein Shake,Snack,Vegetarian,Protein Powder,120
Protein Shake,Snack,Vegetarian,Banana,90
Sprout Salad,Snack,Vegetarian,Mung Beans,80
Sprout Salad,Snack,Vegetarian,Tomato,10
Sprout Salad,Snack,Vegetarian,Cucumber,10
Boiled Egg,Snack,Non-Vegetarian,Egg,70
Boiled Egg,Snack,Non-Vegetarian,Salt,0
Moong Dal Chilla,Breakfast,Vegetarian,Moong Dal,120
Moong Dal Chilla,Breakfast,Vegetarian,Onion,10
Moong Dal Chilla,Breakfast,Vegetarian,Tomato,10
Moong Dal Chilla,Breakfast,Vegetarian,Oil,15
Egg Muffin,Breakfast,Non-Vegetarian,Egg,90
Egg Muffin,Breakfast,Non-Vegetarian,Cheese,50
Egg Muffin,Breakfast,Non-Vegetarian,Bread,120
Egg Muffin,Breakfast,Non-Vegetarian,Butter,20
Chicken Sausage Wrap,Breakfast,Non-Vegetarian,Chicken Sausage,150
Chicken Sausage Wrap,Breakfast,Non-Vegetarian,Tortilla,120
Chicken Sausage Wrap,Breakfast,Non-Vegetarian,Cheese,50
Chicken Sausage Wrap,Breakfast,Non-Vegetarian,Tomato,10
Fish Curry,Lunch,Non-Vegetarian,Fish,250
Fish Curry,Lunch,Non-Vegetarian,Tomato,20
Fish Curry,Lunch,Non-Vegetarian,Onion,15
Fish Curry,Lunch,Non-Vegetarian,Spices,10
Chicken Pulao,Lunch,Non-Vegetarian,Rice,200
Chicken Pulao,Lunch,Non-Vegetarian,Chicken,250
Chicken Pulao,Lunch,Non-Vegetarian,Peas,15
Chicken Pulao,Lunch,Non-Vegetarian,Spices,10
Palak Paneer,Dinner,Vegetarian,Spinach,50
Palak Paneer,Dinner,Vegetarian,Paneer,100
Palak Paneer,Dinner,Vegetarian,Oil,15
Palak Paneer,Dinner,Vegetarian,Garlic,5
Vegetable Soup,Dinner,Vegetarian,Carrot,20
Vegetable Soup,Dinner,Vegetarian,Beans,15
Vegetable Soup,Dinner,Vegetarian,Cabbage,10
Vegetable Soup,Dinner,Vegetarian,Broth,50
Cheese Crackers,Snack,Vegetarian,Cheese,80
Cheese Crackers,Snack,Vegetarian,Whole Wheat Crackers,120
Cheese Crackers,Snack,Vegetarian,Butter,20
Cheese Crackers,Snack,Vegetarian,Honey,10
Peanut Butter Toast,Snack,Vegetarian,Bread,120
Peanut Butter Toast,Snack,Vegetarian,Peanut Butter,90
Peanut Butter Toast,Snack,Vegetarian,Banana,50
Peanut Butter Toast,Snack,Vegetarian,Honey,20
Chicken Nuggets,Snack,Non-Vegetarian,Chicken,150
Chicken Nuggets,Snack,Non-Vegetarian,Breadcrumbs,50
Chicken Nuggets,Snack,Non-Vegetarian,Oil,20
Chicken Nuggets,Snack,Non-Vegetarian,Spices,10
Salmon Sushi,Snack,Non-Vegetarian,Salmon,100
Salmon Sushi,Snack,Non-Vegetarian,Rice,80
Salmon Sushi,Snack,Non-Vegetarian,Nori,10
Salmon Sushi,Snack,Non-Vegetarian,Avocado,30
Egg Wrap,Snack,Non-Vegetarian,Egg,90
Egg Wrap,Snack,Non-Vegetarian,Whole Wheat Tortilla,120
Egg Wrap,Snack,Non-Vegetarian,Lettuce,10
Egg Wrap,Snack,Non-Vegetarian,Cheese,50
