﻿Recipe Name,Meal Type,Type,Ingredient,Calories,Protein,Fat,Sugar,Category
Oats Upma,Breakfast,Vegetarian,Oats,150,5,3,0,Healthy
Oats Upma,Breakfast,Vegetarian,Carrot,15,0.3,0.1,2,Healthy
Oats Upma,Breakfast,Vegetarian,Beans,20,1,0.2,1,Healthy
Oats Upma,Breakfast,Vegetarian,Peas,20,1.2,0.1,1.5,Healthy
Masala Omelette,Breakfast,Non-Vegetarian,Egg,90,6,7,0,High Protein
Masala Omelette,Breakfast,Non-Vegetarian,Tomato,10,0.3,0.1,1,Healthy
Masala Omelette,Breakfast,Non-Vegetarian,Onion,5,0.1,0,0.5,Healthy
Masala Omelette,Breakfast,Non-Vegetarian,Oil,10,0,1,0,Unhealthy
Poha,Breakfast,Vegetarian,Flattened Rice,150,3,1,1,Healthy
Poha,Breakfast,Vegetarian,Peanuts,50,2,4,0,High Protein
Poha,Breakfast,Vegetarian,Onion,10,0.3,0,0.5,Healthy
Upma,Breakfast,Vegetarian,Semolina,180,6,1,0.5,Healthy
Upma,Breakfast,Vegetarian,Carrot,15,0.3,0.1,2,Healthy
Upma,Breakfast,Vegetarian,Beans,20,1,0.2,1,Healthy
Upma,Breakfast,Vegetarian,Ghee,40,0,4,0,Unhealthy
Vegetable Sandwich,Breakfast,Vegetarian,Bread,120,4,1,2,Healthy
Vegetable Sandwich,Breakfast,Vegetarian,Cucumber,10,0.3,0,1,Healthy
Vegetable Sandwich,Breakfast,Vegetarian,Tomato,15,0.3,0.1,1.5,Healthy
Vegetable Sandwich,Breakfast,Vegetarian,Lettuce,5,0.2,0,0.5,Healthy
Paneer Wrap,Lunch,Vegetarian,Paneer,120,10,9,0,High Protein
Paneer Wrap,Lunch,Vegetarian,Whole Wheat Tortilla,100,3,2,1,Healthy
Paneer Wrap,Lunch,Vegetarian,Tomato,10,0.3,0.1,1,Healthy
Paneer Wrap,Lunch,Vegetarian,Lettuce,5,0.2,0,0.5,Healthy
Chicken Salad,Lunch,Non-Vegetarian,Chicken Breast,200,30,3,0,High Protein
Chicken Salad,Lunch,Non-Vegetarian,Lettuce,15,0.5,0,0.5,Healthy
Chicken Salad,Lunch,Non-Vegetarian,Tomato,20,0.3,0.1,1,Healthy
Chicken Salad,Lunch,Non-Vegetarian,Cucumber,10,0.3,0,1,Healthy
Vegetable Biryani,Lunch,Vegetarian,Rice,200,4,1,0.5,Healthy
Vegetable Biryani,Lunch,Vegetarian,Carrot,20,0.3,0.1,2,Healthy
Vegetable Biryani,Lunch,Vegetarian,Beans,20,1,0.2,1,Healthy
Vegetable Biryani,Lunch,Vegetarian,Peas,30,1.5,0.2,1.5,Healthy
Vegetable Biryani,Lunch,Vegetarian,Spices,50,1,2,0,Healthy
Dal Tadka,Lunch,Vegetarian,Toor Dal,150,9,3,0,High Protein
Dal Tadka,Lunch,Vegetarian,Oil,20,0,2,0,Unhealthy
Dal Tadka,Lunch,Vegetarian,Onion,15,0.3,0,1,Healthy
Dal Tadka,Lunch,Vegetarian,Tomato,20,0.3,0.1,1.5,Healthy
Butter Chicken,Dinner,Non-Vegetarian,Chicken,250,27,10,0,High Protein
Butter Chicken,Dinner,Non-Vegetarian,Butter,50,0,6,0,Unhealthy
Butter Chicken,Dinner,Non-Vegetarian,Cream,40,1,5,1,Unhealthy
Butter Chicken,Dinner,Non-Vegetarian,Tomato Puree,30,0.5,0.2,2,Sweet
Grilled Fish,Dinner,Non-Vegetarian,Fish,200,25,8,0,High Protein
Grilled Fish,Dinner,Non-Vegetarian,Lemon,5,0,0,0.5,Healthy
Grilled Fish,Dinner,Non-Vegetarian,Olive Oil,40,0,4,0,Healthy
Rajma Chawal,Dinner,Vegetarian,Red Kidney Beans,180,12,1,0,High Protein
Rajma Chawal,Dinner,Vegetarian,Rice,200,4,1,0.5,Healthy
Rajma Chawal,Dinner,Vegetarian,Spices,40,1,2,0,Healthy
Vegetable Pulao,Dinner,Vegetarian,Rice,200,4,1,0.5,Healthy
Vegetable Pulao,Dinner,Vegetarian,Carrot,20,0.3,0.1,2,Healthy
Vegetable Pulao,Dinner,Vegetarian,Beans,20,1,0.2,1,Healthy
Vegetable Pulao,Dinner,Vegetarian,Peas,30,1.5,0.2,1.5,Healthy
Protein Shake,Snack,Vegetarian,Milk,100,6,4,5,High Protein
Protein Shake,Snack,Vegetarian,Protein Powder,120,20,1,1,High Protein
Protein Shake,Snack,Vegetarian,Banana,90,1,0.3,12,Sweet
Sprout Salad,Snack,Vegetarian,Mung Beans,80,6,0.5,1,High Protein
Sprout Salad,Snack,Vegetarian,Tomato,10,0.3,0.1,1,Healthy
Sprout Salad,Snack,Vegetarian,Cucumber,10,0.3,0,1,Healthy
Boiled Egg,Snack,Non-Vegetarian,Egg,70,6,5,0,High Protein
Boiled Egg,Snack,Non-Vegetarian,Salt,0,0,0,0,Healthy
Moong Dal Chilla,Breakfast,Vegetarian,Moong Dal,120,8,1,0,High Protein
Moong Dal Chilla,Breakfast,Vegetarian,Onion,10,0.3,0,0.5,Healthy
Moong Dal Chilla,Breakfast,Vegetarian,Tomato,10,0.3,0.1,1,Healthy
Moong Dal Chilla,Breakfast,Vegetarian,Oil,15,0,2,0,Unhealthy
Egg Muffin,Breakfast,Non-Vegetarian,Egg,90,6,7,0,High Protein
Egg Muffin,Breakfast,Non-Vegetarian,Cheese,50,3,4,0,Unhealthy
Egg Muffin,Breakfast,Non-Vegetarian,Bread,120,4,1,2,Healthy
Egg Muffin,Breakfast,Non-Vegetarian,Butter,20,0,2,0,Unhealthy
Chicken Sausage Wrap,Breakfast,Non-Vegetarian,Chicken Sausage,150,10,10,0,High Protein
Chicken Sausage Wrap,Breakfast,Non-Vegetarian,Tortilla,120,3,2,1,Healthy
Chicken Sausage Wrap,Breakfast,Non-Vegetarian,Cheese,50,3,4,0,Unhealthy
Chicken Sausage Wrap,Breakfast,Non-Vegetarian,Tomato,10,0.3,0.1,1,Healthy
Fish Curry,Lunch,Non-Vegetarian,Fish,250,28,8,0,High Protein
Fish Curry,Lunch,Non-Vegetarian,Tomato,20,0.3,0.1,1,Healthy
Fish Curry,Lunch,Non-Vegetarian,Onion,15,0.3,0,1,Healthy
Fish Curry,Lunch,Non-Vegetarian,Spices,10,0.5,0.5,0,Healthy
Chicken Pulao,Lunch,Non-Vegetarian,Rice,200,4,1,0.5,Healthy
Chicken Pulao,Lunch,Non-Vegetarian,Chicken,250,27,8,0,High Protein
Chicken Pulao,Lunch,Non-Vegetarian,Peas,15,1,0.1,1,Healthy
Chicken Pulao,Lunch,Non-Vegetarian,Spices,10,0.5,0.5,0,Healthy
Palak Paneer,Dinner,Vegetarian,Spinach,50,3,0.5,0.5,Healthy
Palak Paneer,Dinner,Vegetarian,Paneer,100,8,7,0,High Protein
Palak Paneer,Dinner,Vegetarian,Oil,15,0,2,0,Unhealthy
Palak Paneer,Dinner,Vegetarian,Garlic,5,0.2,0,0.2,Healthy
Vegetable Soup,Dinner,Vegetarian,Carrot,20,0.3,0.1,2,Healthy
Vegetable Soup,Dinner,Vegetarian,Beans,15,1,0.2,1,Healthy
Vegetable Soup,Dinner,Vegetarian,Cabbage,10,0.5,0.1,1,Healthy
Vegetable Soup,Dinner,Vegetarian,Broth,50,2,1,0,Healthy
Cheese Crackers,Snack,Vegetarian,Cheese,80,4,6,0,Unhealthy
Cheese Crackers,Snack,Vegetarian,Whole Wheat Crackers,120,3,4,1,Unhealthy
Cheese Crackers,Snack,Vegetarian,Butter,20,0,2,0,Unhealthy
Cheese Crackers,Snack,Vegetarian,Honey,10,0,0,8,Sweet
Peanut Butter Toast,Snack,Vegetarian,Bread,120,4,1,2,Healthy
Peanut Butter Toast,Snack,Vegetarian,Peanut Butter,90,4,8,1,High Protein
Peanut Butter Toast,Snack,Vegetarian,Banana,50,1,0.3,6,Sweet
Peanut Butter Toast,Snack,Vegetarian,Honey,20,0,0,15,Sweet
Chicken Nuggets,Snack,Non-Vegetarian,Chicken,150,20,6,0,High Protein
Chicken Nuggets,Snack,Non-Vegetarian,Breadcrumbs,50,2,1,0,Unhealthy
Chicken Nuggets,Snack,Non-Vegetarian,Oil,20,0,2,0,Unhealthy
Chicken Nuggets,Snack,Non-Vegetarian,Spices,10,0.5,0.2,0,Healthy
Salmon Sushi,Snack,Non-Vegetarian,Salmon,100,13,6,0,High Protein
Salmon Sushi,Snack,Non-Vegetarian,Rice,80,2,0.5,1,Healthy
Salmon Sushi,Snack,Non-Vegetarian,Nori,10,1,0.1,0,Healthy
Salmon Sushi,Snack,Non-Vegetarian,Avocado,30,0.5,2,0.5,Healthy
Egg Wrap,Snack,Non-Vegetarian,Egg,90,6,7,0,High Protein
Egg Wrap,Snack,Non-Vegetarian,Whole Wheat Tortilla,120,3,2,1,Healthy
Egg Wrap,Snack,Non-Vegetarian,Lettuce,10,0.3,0,1,Healthy
Egg Wrap,Snack,Non-Vegetarian,Cheese,50,3,4,0,Unhealthy
Chocolate Muffin,Snack,Vegetarian,Flour,150,3,5,10,Sweet
Chocolate Muffin,Snack,Vegetarian,Sugar,80,0,0,20,Sweet
Chocolate Muffin,Snack,Vegetarian,Cocoa Powder,50,2,1,5,Sweet
Chocolate Muffin,Snack,Vegetarian,Egg,60,5,4,1,High Protein
Chocolate Muffin,Snack,Vegetarian,Butter,40,0,4,0,Unhealthy
Chocolate Cake,Dessert,Vegetarian,Flour,200,4,6,12,Sweet
Chocolate Cake,Dessert,Vegetarian,Sugar,100,0,0,25,Sweet
Chocolate Cake,Dessert,Vegetarian,Cocoa Powder,60,2,1,5,Sweet
Chocolate Cake,Dessert,Vegetarian,Butter,50,0,5,0,Unhealthy
Chocolate Cake,Dessert,Vegetarian,Egg,70,6,5,1,High Protein
